<?xml version="1.0" encoding="utf-8"?>
<FlowBasedContingency DtdRelease="4" DtdVersion="0" xmlns="flowbased" xmlns:xsi="http://www.w3.org/2001/XMLSchema-instance" xsi:schemaLocation="flowbasedcontingency-01.xsd">
  <DocumentIdentification v="1" />
  <DocumentVersion v="1" />
  <DocumentType v="B06" />
  <ProcessType v="A06" />
  <SenderIdentification codingScheme="A01" v="" />
  <SenderRole v="A36" />
  <ReceiverIdentification codingScheme="A01" v="" />
  <ReceiverRole v="A36" />
  <CreationDateTime v="2020-02-11T17:05:39Z" />
  <ContingencyTimeInterval v="" />
  <Domain v="10YDOM-REGION-1V" codingScheme="A01" />
  <outages>
    <outage id="OU-56-74">
      <branch eic="H2" elementName="43" from="D2NORD46" to="D6NORD65" />
    </outage>
    <outage id="OU-54-5639">
      <branch eic="H7" elementName="35" from="D2NORD66" to="D8NORD1" />
    </outage>
    <outage id="OU-46-9402">
      <branch eic="H8" elementName="654" from="D8NORD22" to="D5NORD40" />
    </outage>
    <outage id="OU-87-2414">
      <branch eic="H0" elementName="324" from="D5NORD34" to="D6NORD64" />
    </outage>
    <outage id="OU-82-7221">
      <branch eic="H8" elementName="534" from="D3NORD58" to="D9NORD27" />
    </outage>
    <outage id="OU-3-2640">
      <branch eic="H3" elementName="731" from="D9NORD0" to="D6NORD31" />
    </outage>
    <outage id="OU-34-1265">
      <branch eic="H2" elementName="124" from="D8NORD60" to="D1NORD48" />
    </outage>
    <outage id="OU-8-5593">
      <branch eic="H9" elementName="25" from="D3NORD74" to="D4NORD17" />
    </outage>
    <outage id="OU-10-7453">
      <branch eic="H4" elementName="167" from="D8NORD7" to="D9NORD97" />
    </outage>
    <outage id="OU-25-5045">
      <branch eic="H4" elementName="54" from="D7NORD23" to="D8NORD22" />
    </outage>
    <outage id="OU-2-4880">
      <branch eic="H3" elementName="321" from="D3NORD39" to="D2NORD89" />
    </outage>
    <outage id="OU-11-9241">
      <branch eic="H5" elementName="32" from="D3NORD9" to="D2NORD51" />
    </outage>
    <outage id="OU-43-5461">
      <branch eic="H3" elementName="454" from="D4NORD6" to="D2NORD31" />
    </outage>
    <outage id="OU-71-3825">
      <branch eic="H9" elementName="754" from="D2NORD52" to="D5NORD57" />
    </outage>
    <outage id="OU-42-7771">
      <branch eic="H5" elementName="375" from="D2NORD55" to="D1NORD58" />
    </outage>
    <outage id="OU-91-5417">
      <branch eic="H6" elementName="499" from="D5NORD6" to="D0NORD32" />
    </outage>
    <outage id="OU-57-9418">
      <branch eic="H2" elementName="639" from="D0NORD27" to="D5NORD88" />
    </outage>
    <outage id="OU-44-627">
      <branch eic="H8" elementName="662" from="D1NORD9" to="D0NORD73" />
    </outage>
    <outage id="OU-5-4167">
      <branch eic="H9" elementName="830" from="D8NORD64" to="D8NORD67" />
    </outage>
    <outage id="OU-95-1021">
      <branch eic="H6" elementName="961" from="D0NORD16" to="D1NORD1" />
    </outage>
    <outage id="OU-33-4206">
      <branch eic="H8" elementName="245" from="D8NORD82" to="D9NORD34" />
    </outage>
    <outage id="OU-65-4676">
      <branch eic="H2" elementName="606" from="D2NORD59" to="D6NORD23" />
    </outage>
    <outage id="OU-51-2340">
      <branch eic="H0" elementName="184" from="D2NORD20" to="D1NORD73" />
    </outage>
    <outage id="OU-38-5843">
      <branch eic="H1" elementName="151" from="D5NORD33" to="D4NORD27" />
    </outage>
    <outage id="OU-82-5927">
      <branch eic="H6" elementName="342" from="D8NORD82" to="D3NORD8" />
    </outage>
    <outage id="OU-73-8073">
      <branch eic="H7" elementName="791" from="D3NORD35" to="D9NORD68" />
    </outage>
    <outage id="OU-54-859">
      <branch eic="H7" elementName="968" from="D8NORD56" to="D6NORD19" />
    </outage>
    <outage id="OU-16-727">
      <branch eic="H7" elementName="272" from="D2NORD94" to="D1NORD19" />
    </outage>
    <outage id="OU-88-6245">
      <branch eic="H6" elementName="948" from="D6NORD24" to="D1NORD88" />
    </outage>
    <outage id="OU-12-9195">
      <branch eic="H8" elementName="968" from="D8NORD8" to="D5NORD30" />
    </outage>
    <outage id="OU-22-4967">
      <branch eic="H6" elementName="827" from="D8NORD77" to="D5NORD28" />
    </outage>
    <outage id="OU-81-441">
      <branch eic="H9" elementName="653" from="D7NORD3" to="D9NORD5" />
    </outage>
    <outage id="OU-81-4917">
      <branch eic="H0" elementName="742" from="D4NORD82" to="D7NORD52" />
    </outage>
    <outage id="OU-69-4075">
      <branch eic="H3" elementName="40" from="D5NORD0" to="D7NORD24" />
    </outage>
    <outage id="OU-67-239">
      <branch eic="H3" elementName="107" from="D3NORD87" to="D4NORD75" />
    </outage>
    <outage id="OU-50-6881">
      <branch eic="H2" elementName="441" from="D4NORD81" to="D1NORD19" />
    </outage>
    <outage id="OU-79-1556">
      <branch eic="H0" elementName="284" from="D3NORD51" to="D1NORD84" />
    </outage>
    <outage id="OU-17-6092">
      <branch eic="H1" elementName="691" from="D7NORD20" to="D7NORD67" />
    </outage>
    <outage id="OU-83-6520">
      <branch eic="H6" elementName="530" from="D1NORD4" to="D3NORD65" />
    </outage>
    <outage id="OU-41-2053">
      <branch eic="H9" elementName="461" from="D9NORD26" to="D3NORD21" />
    </outage>
    <outage id="OU-15-1285">
      <branch eic="H1" elementName="836" from="D8NORD94" to="D7NORD30" />
    </outage>
    <outage id="OU-55-8313">
      <branch eic="H5" elementName="114" from="D8NORD41" to="D6NORD40" />
    </outage>
    <outage id="OU-4-1042">
      <branch eic="H2" elementName="409" from="D1NORD50" to="D3NORD20" />
    </outage>
    <outage id="OU-99-4845">
      <branch eic="H2" elementName="231" from="D4NORD28" to="D6NORD72" />
    </outage>
    <outage id="OU-77-3760">
      <branch eic="H3" elementName="42" from="D4NORD75" to="D5NORD87" />
    </outage>
    <outage id="OU-17-4346">
      <branch eic="H4" elementName="818" from="D5NORD63" to="D6NORD8" />
    </outage>
    <outage id="OU-29-322">
      <branch eic="H4" elementName="753" from="D6NORD26" to="D2NORD32" />
    </outage>
    <outage id="OU-87-8347">
      <branch eic="H2" elementName="881" from="D8NORD58" to="D0NORD12" />
    </outage>
    <outage id="OU-60-6078">
      <branch eic="H1" elementName="678" from="D1NORD43" to="D5NORD39" />
    </outage>
    <outage id="OU-65-184">
      <branch eic="H1" elementName="80" from="D7NORD8" to="D2NORD95" />
    </outage>
    <outage id="OU-54-9805">
      <branch eic="H7" elementName="795" from="D0NORD17" to="D0NORD65" />
    </outage>
    <outage id="OU-90-7995">
      <branch eic="H9" elementName="82" from="D3NORD53" to="D9NORD48" />
    </outage>
    <outage id="OU-9-450">
      <branch eic="H5" elementName="879" from="D4NORD62" to="D1NORD71" />
    </outage>
    <outage id="OU-1-3917">
      <branch eic="H8" elementName="983" from="D1NORD26" to="D5NORD5" />
    </outage>
    <outage id="OU-91-5571">
      <branch eic="H8" elementName="680" from="D2NORD17" to="D2NORD17" />
    </outage>
    <outage id="OU-23-2358">
      <branch eic="H7" elementName="874" from="D8NORD5" to="D4NORD19" />
    </outage>
    <outage id="OU-21-9192">
      <branch eic="H5" elementName="318" from="D0NORD99" to="D0NORD94" />
    </outage>
    <outage id="OU-76-988">
      <branch eic="H2" elementName="848" from="D8NORD89" to="D3NORD35" />
    </outage>
    <outage id="OU-93-9859">
      <branch eic="H0" elementName="622" from="D8NORD23" to="D0NORD10" />
    </outage>
    <outage id="OU-0-7062">
      <branch eic="H5" elementName="612" from="D6NORD50" to="D2NORD2" />
    </outage>
    <outage id="OU-49-2090">
      <branch eic="H0" elementName="602" from="D5NORD93" to="D5NORD65" />
    </outage>
    <outage id="OU-63-3017">
      <branch eic="H8" elementName="484" from="D9NORD43" to="D6NORD52" />
    </outage>
    <outage id="OU-84-654">
      <branch eic="H3" elementName="603" from="D4NORD32" to="D3NORD12" />
    </outage>
    <outage id="OU-39-7612">
      <branch eic="H5" elementName="860" from="D0NORD26" to="D2NORD12" />
    </outage>
    <outage id="OU-28-3382">
      <branch eic="H9" elementName="195" from="D0NORD82" to="D2NORD70" />
    </outage>
  </outages>
</FlowBasedContingency>