<?xml version="1.0" encoding="utf-8"?>
<FlowBasedConstraintDocument DtdRelease="4" DtdVersion="0" xmlns="flowbased" xmlns:xsi="http://www.w3.org/2001/XMLSchema-instance" xsi:schemaLocation="flowbasedconstraintdocument-17.xsd">
  <DocumentIdentification v="1" />
  <DocumentVersion v="1" />
  <DocumentType v="B06" />
  <ProcessType v="A06" />
  <SenderIdentification codingScheme="A01" v="" />
  <SenderRole v="A36" />
  <ReceiverIdentification codingScheme="A01" v="" />
  <ReceiverRole v="A36" />
  <CreationDateTime v="2020-02-11T17:05:41Z" />
  <ConstraintTimeInterval v="" />
  <Domain v="10YDOM-REGION-1V" codingScheme="A01" />
  <criticalBranches>
    <criticalBranch id="testId">
      <timeInterval v="" />
      <branch from="D5NORD43" to="D4NORD86" order="3" name="testName" eic="testEic" />
      <imaxFactor>1</imaxFactor>
      <imaxType>SEASONAL</imaxType>
      <permanentImaxFactor>1</permanentImaxFactor>
      <temporaryImaxFactor>1</temporaryImaxFactor>
      <frmMw>138</frmMw>
      <minRAMfactor>70</minRAMfactor>
      <CNEC>true</CNEC>
      <MNEC>true</MNEC>
      <direction>DIRECT</direction>
      <tsoOrigin>H0</tsoOrigin>
      <outage id="OU-87-2414" />
    </criticalBranch>
    <criticalBranch id="testId">
      <timeInterval v="" />
      <branch from="D5NORD25" to="D7NORD47" order="3" name="testName" eic="testEic" />
      <imaxFactor>1</imaxFactor>
      <imaxType>SEASONAL</imaxType>
      <permanentImaxFactor>1</permanentImaxFactor>
      <temporaryImaxFactor>1</temporaryImaxFactor>
      <frmMw>138</frmMw>
      <minRAMfactor>70</minRAMfactor>
      <CNEC>true</CNEC>
      <MNEC>true</MNEC>
      <direction>DIRECT</direction>
      <tsoOrigin>H0</tsoOrigin>
      <outage id="OU-87-2414" />
    </criticalBranch>
  </criticalBranches>
</FlowBasedConstraintDocument>